{
    "LLAMBO_VANILLA": {
        "rmse": [
            0.6469383576539124
        ],
        "r2": [
            -2.641842965368633
        ],
        "nll": [
            -3.9937206086188324
        ],
        "mace": [
            0.391
        ],
        "sharpness": [
            0.0002551756453896022
        ],
        "observed_coverage": [
            0.0
        ],
        "regret": [
            0.07156673114115084
        ],
        "y_pred": [
            [
                0.0008616,
                0.0009089999999999999,
                0.0009482,
                0.0008617000000000002,
                0.0009175000000000001,
                0.0008895,
                0.0009659000000000001,
                0.0009151,
                0.0007963,
                0.0008690000000000002
            ]
        ],
        "y_std": [
            [
                0.0002672344289196286,
                0.0002278622390831794,
                0.0003198558425290993,
                0.00019957757890103786,
                0.0002735756750882651,
                0.00029050240962856055,
                0.00028267700649327673,
                0.00023243297958766524,
                0.00017933100680027426,
                0.00024565300730909037
            ]
        ],
        "y_true": [
            [
                0.0011435,
                0.001502,
                0.0021355,
                0.001122,
                0.0014415,
                0.0012699999999999,
                0.0014104999999999,
                0.002081,
                0.0013535,
                0.001191
            ]
        ],
        "llm_query_cost": [
            0.005053
        ],
        "llm_query_time": [
            900.7859461307526
        ]
    }
}