{
    "Configuration": {
        "Program Call": "python3 exp_evaluate_sm/evaluate_dis_sm.py --dataset breast --model RandomForest --num_observed 5 --num_seeds 1 --engine llama3",
        "LLM": "llama3(local, ollama)",
        "n_concurrent": 1
    },
    "GP": {
        "rmse": [
            0.5028644618810163
        ],
        "r2": [
            -2.2550159415380002
        ],
        "nll": [
            -1.9444765230691234
        ],
        "mace": [
            0.19812121212121217
        ],
        "sharpness": [
            0.21423249146232118
        ],
        "observed_coverage": [
            0.4
        ],
        "regret": [
            0.9333333333333333
        ],
        "y_pred": [
            [
                0.8503261553517127,
                0.8596491228070189,
                0.045996954669067946,
                0.8596454395199409,
                0.8100197557169047,
                0.9613787534681482,
                0.7912876120391825,
                0.8983911479252491,
                0.8783679702272078,
                0.9210526315789505
            ]
        ],
        "y_std": [
            [
                0.027252907349145178,
                1e-05,
                0.6683717686630918,
                0.05937086706255939,
                0.032277391160720044,
                0.024181386103287565,
                0.07130100084157916,
                0.03416088768585957,
                0.009475939977083094,
                1e-05
            ]
        ],
        "y_true": [
            [
                0.9122807017543859,
                0.8596491228070176,
                0.5877192982456141,
                0.868421052631579,
                0.9385964912280702,
                0.9298245614035088,
                0.9473684210526315,
                0.956140350877193,
                0.9035087719298246,
                0.9210526315789473
            ]
        ]
    },
    "SMAC": {
        "rmse": [
            0.29676868994015887
        ],
        "r2": [
            -0.13367192060712152
        ],
        "nll": [
            -1.0684873809197315
        ],
        "mace": [
            0.231939393939394
        ],
        "sharpness": [
            0.015186674000588889
        ],
        "observed_coverage": [
            0.3
        ],
        "regret": [
            0.1111111111111112
        ],
        "y_pred": [
            [
                0.9199999999999999,
                0.9199999999999999,
                0.9199999999999999,
                0.9199999999999999,
                0.9199999999999999,
                0.9199999999999999,
                0.9199999999999999,
                0.9199999999999999,
                0.9199999999999999,
                0.9199999999999999
            ]
        ],
        "y_std": [
            [
                0.015186674000588889,
                0.015186674000588889,
                0.015186674000588889,
                0.015186674000588889,
                0.015186674000588889,
                0.015186674000588889,
                0.015186674000588889,
                0.015186674000588889,
                0.015186674000588889,
                0.015186674000588889
            ]
        ],
        "y_true": [
            [
                0.9122807017543859,
                0.8596491228070176,
                0.5877192982456141,
                0.868421052631579,
                0.9385964912280702,
                0.9298245614035088,
                0.9473684210526315,
                0.956140350877193,
                0.9035087719298246,
                0.9210526315789473
            ]
        ]
    },
    "LLAMBO": {
        "rmse": [
            0.3257450043303419
        ],
        "r2": [
            -0.36586179977124744
        ],
        "nll": [
            -0.6276502652529747
        ],
        "mace": [
            0.2031212121212122
        ],
        "sharpness": [
            0.022538864934119905
        ],
        "observed_coverage": [
            0.4
        ],
        "regret": [
            0.022222222222222296
        ],
        "y_pred": [
            [
                0.9385965000000001,
                0.8771928000000001,
                0.950877,
                0.950877,
                0.9543856,
                0.964912,
                0.9254387500000001,
                0.9614032,
                0.95175425,
                0.9263159999999999
            ]
        ],
        "y_std": [
            [
                0.008771499999999988,
                0.0350876,
                0.017189294272889736,
                0.017189294272889736,
                0.014035200000000003,
                0.017544000000000004,
                0.043639822355132245,
                0.017189539218955236,
                0.01911784399945506,
                0.010525999999999992
            ]
        ],
        "y_true": [
            [
                0.9122807017543859,
                0.8596491228070176,
                0.5877192982456141,
                0.868421052631579,
                0.9385964912280702,
                0.9298245614035088,
                0.9473684210526315,
                0.956140350877193,
                0.9035087719298246,
                0.9210526315789473
            ]
        ],
        "llm_query_cost": [
            0.026897
        ],
        "llm_query_time": [
            4762.612165212631
        ]
    },
    "LLAMBO_VANILLA": {
        "rmse": [
            0.3404839576219118
        ],
        "r2": [
            -0.4922601430375071
        ],
        "nll": [
            -10.593204383289125
        ],
        "mace": [
            0.3272222222222222
        ],
        "sharpness": [
            1e-05
        ],
        "observed_coverage": [
            0.2
        ],
        "regret": [
            0.24444444444444444
        ],
        "y_pred": [
            [
                0.947368,
                0.982456,
                0.947368,
                0.947368,
                0.947368,
                0.982456,
                0.947368,
                0.929825,
                0.947368,
                0.921053
            ]
        ],
        "y_std": [
            [
                1e-05,
                1e-05,
                1e-05,
                1e-05,
                1e-05,
                1e-05,
                1e-05,
                1e-05,
                1e-05,
                1e-05
            ]
        ],
        "y_true": [
            [
                0.9122807017543859,
                0.8596491228070176,
                0.5877192982456141,
                0.868421052631579,
                0.9385964912280702,
                0.9298245614035088,
                0.9473684210526315,
                0.956140350877193,
                0.9035087719298246,
                0.9210526315789473
            ]
        ],
        "llm_query_cost": [
            0.0009849999999999998
        ],
        "llm_query_time": [
            159.2495801448822
        ]
    }
}
